"SchoolName","Address","Pincode","ContactEmail","ContactPhone","Website","GMapLink","PlaceID"
"Bogolijan Adarsha Jatiya Vidyalaya","174, Bogolijan, Nalkata Bowalguri, Assam 787031, India","787031","NA","070026 96788","NA","https://maps.google.com/?cid=2097252400693828343","ChIJ4537m0k3QTcR99qwW_LvGh0"
"Shree Agrasen Academy","FWJ4+W39, Dibrugarh, Assam 786001, India","786001","NA","099545 27388","http://agrasenacademydbr.com/","https://maps.google.com/?cid=840652664836574214","ChIJfcmHQBeYQDcRBswRCyWZqgs"
"SARKAR JATIYA VIDIYALAYA","near Rangajan Masjid, No.1 Rangajan, Assam 787051, India","787051","NA","070869 89781","http://sarkarjatiyavidyalaya.blogspot.com/","https://maps.google.com/?cid=433371583385490769","ChIJ68p6p-hJQTcRUdVwsyilAwY"
"RSP Shankardev Vidya Niketan, Dibrugarh","FV8W+FVX, University Link Rd, Dibrugarh, Assam 786003, India","786003","NA","NA","https://rspshankardevvidya.wixsite.com/website","https://maps.google.com/?cid=2934528955774282481","ChIJUYFVawGYQDcR8SoGmImKuSg"
"Dibrugarh Hanumanbax Surajmall Kanoi commerce College","FWHF+P3J, Dibrugarh, Assam 786001, India","786001","NA","094359 08628","http://www.dhskcommercecollege.edu.in/","https://maps.google.com/?cid=6945748453280622264","ChIJQXpvJOGZQDcRuKYCCWtBZGA"
"Larua Jamirah Jatiya Vidyalaya","CR4P+9JX, Dibrugarh, Assam 786004, India","786004","NA","NA","NA","https://maps.google.com/?cid=4323805499208162089","ChIJb3uf4UW8QDcRKdsuajE-ATw"
"VKV, Dibrugarh","Vivekananda Rd, East, Chowkidingee, Dibrugarh, Assam 786001, India","786001","NA","0373 232 4326","http://dibrugarh.vkv.in/","https://maps.google.com/?cid=17326938362418202042","ChIJ0SBH2RKYQDcRuoUGeaOmdfA"
"St. Xavier's School","CWXH+438, Hatimura Gaon Rd, Teporgaon, Chring Gaon, Assam 786003, India","786003","NA","0373 237 5791","http://stxavierschools.org/","https://maps.google.com/?cid=3424514219681847392","ChIJIyU_rI-iQDcRYBhp-IlRhi8"
"RSP Shankardev Vidya Niketan, Dibrugarh","FV8W+FVX, University Link Rd, Dibrugarh, Assam 786003, India","786003","NA","NA","https://rspshankardevvidya.wixsite.com/website","https://maps.google.com/?cid=2934528955774282481","ChIJUYFVawGYQDcR8SoGmImKuSg"
"St. Mary's HS School","HHR5+XC2, Assam Trunk Rd, Rupai Siding, Assam 786153, India","786153","NA","NA","https://instagram.com/ddm_marians_forever?igshid=MzRlODBiNWFlZA==","https://maps.google.com/?cid=14584525441841908750","ChIJ0aaXbXcQPzcRDkyiAp6kZso"
"Learners High School","HHR3+FH2, Rupai Siding, Assam 786153, India","786153","NA","03759 240 733","NA","https://maps.google.com/?cid=1666181220254277780","ChIJaxdWhnoQPzcRlOCu9P12Hxc"
"Learners High School","HHR3+FH2, Rupai Siding, Assam 786153, India","786153","NA","03759 240 733","NA","https://maps.google.com/?cid=1666181220254277780","ChIJaxdWhnoQPzcRlOCu9P12Hxc"
"St Francis School","HHV4+9GM, Rupai Siding, Assam 786153, India","786153","NA","NA","NA","https://maps.google.com/?cid=16203690457404995553","ChIJOxV90nAQPzcR4fcCxJ4S3-A"
"The Little Stars Senior Secondary School","CJ39+F7F, NH 38, Digboi, Makum Killa Forest Village, Assam 786171, India","786171","NA","03751 265 022","http://www.littlestarsdigboi.com/","https://maps.google.com/?cid=15970655479169081258","ChIJNR3rt0UiPzcRqt8Eyooqo90"
"Play House School","9JJ7+PQ6, NH 215, Digboi, Assam 786171, India","786171","NA","NA","NA","https://maps.google.com/?cid=11404877006852018436","ChIJ3ZKD17EjPzcRBFFvTDZDRp4"
"RSP Shankardev Vidya Niketan, Dibrugarh","FV8W+FVX, University Link Rd, Dibrugarh, Assam 786003, India","786003","NA","NA","https://rspshankardevvidya.wixsite.com/website","https://maps.google.com/?cid=2934528955774282481","ChIJUYFVawGYQDcR8SoGmImKuSg"
"Barbaruah Jatiya Vidyalaya","CV3H+75M, Bor Baruah, Assam 786006, India","786006","NA","NA","NA","https://maps.google.com/?cid=6151200621693296848","ChIJRWw6fMO8QDcR0OAw_l90XVU"
"Dibrugarh Jatiya Vidyalaya","teporgaon road, FW49+6HF, Mancotta Rd, Natun Nirmali Gaon, Dibrugarh, Assam 786003, India","786003","NA","070860 20072","NA","https://maps.google.com/?cid=12496563948821524427","ChIJJYGVZ5miQDcRy691qrO2bK0"
"Mancotta Junior College (M.J.College)","Jiban Phukan Nagar Rd, Railway Colony, Dibrugarh, Assam 786003, India","786003","NA","060017 19866","https://www.mancottajuniorcollege.com/","https://maps.google.com/?cid=4300945351832560337","ChIJsbTuMXWYQDcR0eJYlgIHsDs"
"Gyanjyoti Senior Secondary School","Barbaruah Rd, Dibrugarh, Bor Baruah, Assam 786007, India","786007","NA","NA","https://gyanjyotischool.org/","https://maps.google.com/?cid=15617317024581466969","ChIJxzmi0AO9QDcRWbvW-hbbu9g"
"Brilliant Scholars Academy","9VWG+69W, Bor Baruah, Assam 786006, India","786006","NA","NA","NA","https://maps.google.com/?cid=2255537432670227138","ChIJj5I2jcC8QDcRwsrnO1hHTR8"
"Parijat Academy Teacher Education Institution","FW65+C2W, Lane O, West Milan Nagar, Dibrugarh, Assam 786003, India","786003","NA","0373 231 0057","https://www.parijatacademy.co.in/","https://maps.google.com/?cid=14715664064632621955","ChIJDTe-GaeiQDcRg4to9n-KOMw"
"Gyan Bharati English Academy","8RW9+8C4, Digali Dalani Gaon, Assam 786007, India","786007","NA","NA","NA","https://maps.google.com/?cid=9625520551429218456","ChIJD4fMXNy7QDcRmCApfvG3lIU"
"kanak Chandra Jatiya Vidyalaya","CW7G+F3C, Mancotta Rd, Japara Gaon, Assam 786004, India","786004","NA","NA","NA","https://maps.google.com/?cid=17152795833872027285","ChIJjbKnF9WjQDcRlQ6-du74Cu4"
"Larua Jamirah Jatiya Vidyalaya","CR4P+9JX, Dibrugarh, Assam 786004, India","786004","NA","NA","NA","https://maps.google.com/?cid=4323805499208162089","ChIJb3uf4UW8QDcRKdsuajE-ATw"
"Dibrugarh Jatiya Vidyalaya","teporgaon road, FW49+6HF, Mancotta Rd, Natun Nirmali Gaon, Dibrugarh, Assam 786003, India","786003","NA","070860 20072","NA","https://maps.google.com/?cid=12496563948821524427","ChIJJYGVZ5miQDcRy691qrO2bK0"
"Jokai Adarsha Jatiya Bidyalaya","9WPM+FV7, Jokai T.E. Co 29/143 Orr, Bolai T.E., Assam 786010, India","786010","NA","NA","NA","https://maps.google.com/?cid=5903015055975237229","ChIJCaNnHwCjQDcRbcYv--q461E"
"Shiksha Valley School, Dibrugarh, Assam","Kanikar, P.O.: Sessa, Dist.:, Dibrugarh, Japara Gaon, Assam 786003, India","786003","NA","075759 90011","http://www.shikshavalleyschool.org/","https://maps.google.com/?cid=12258551349402970397","ChIJ2Q8m1OSiQDcRHakM8oAfH6o"
"Sacred Grove Academy","A.T. Road, North, near Hanumangarhi Mandir, Amolapatty, Dibrugarh, Assam 786001, India","786001","NA","0373 232 3485","NA","https://maps.google.com/?cid=8514290405575120264","ChIJE89tQByYQDcRiFXSYgPWKHY"
"Kotoha Model School","8V9G+JCJ, Kotoha Gaon, Kutuha Kachari Gaon, Assam 786007, India","786007","NA","NA","NA","https://maps.google.com/?cid=3963961876307743987","ChIJuT_xkd66QDcR85SDFFPSAjc"
"Handique Jatiya Vidyalaya","8V9H+69C, Nowjan Gaon No.1, Kutuha Kachari Gaon, Assam 786007, India","786007","NA","NA","NA","https://maps.google.com/?cid=10953411025237438278","ChIJo46ENtqkQDcRRu8fNktVApg"
"Purbanchal Jatiya Vidyalaya","Lapetkota 786006, Kochari Gaon, Rawomari Gaon, Assam 786006, India","786006","NA","098644 37599","https://pjvbarbaruah.blogspot.com/","https://maps.google.com/?cid=17195886752089362605","ChIJs_kE2bi8QDcRrdAhsOQPpO4"
"Adarsha Jatiya Bidyalaya, Lezai ..","8R68+6CQ, No.2 Garudharia Gaon, Assam 786007, India","786007","NA","NA","NA","https://maps.google.com/?cid=7508529555625522733","ChIJDSMcrNe7QDcRLbaUVNmnM2g"
"Mission English Academy","Madhupur nepali gaon, 8QPJ+J2F, Barbaruah Rd, Assam 786007, India","786007","NA","NA","http://davidpegu.website2.me/","https://maps.google.com/?cid=9648712940172660096","ChIJgVXmUnW5QDcRgM20Skwd54U"
"St. Xavier's School","CWXH+438, Hatimura Gaon Rd, Teporgaon, Chring Gaon, Assam 786003, India","786003","NA","0373 237 5791","http://stxavierschools.org/","https://maps.google.com/?cid=3424514219681847392","ChIJIyU_rI-iQDcRYBhp-IlRhi8"
"Prashanti Divine Valley School","CWVG+VW3, Dibrugarh, Chring Gaon, Assam 786003, India","786003","NA","NA","NA","https://maps.google.com/?cid=7838909739136414191","ChIJMd7KLIyiQDcR73GTG-BmyWw"
"Dibrugarh Jatiya Vidyalaya","teporgaon road, FW49+6HF, Mancotta Rd, Natun Nirmali Gaon, Dibrugarh, Assam 786003, India","786003","NA","070860 20072","NA","https://maps.google.com/?cid=12496563948821524427","ChIJJYGVZ5miQDcRy691qrO2bK0"
"The Man Making Mission School","8VX8+6FG, Lepetkatta Gaon, Assam 786007, India","786007","NA","NA","NA","https://maps.google.com/?cid=8309317866066579700","ChIJFY3EFwC7QDcR9JC0FJOgUHM"
"BRAHMAPUTRA VALLEY ACADEMY","FV6P+XM9, Dibrugarh, Assam 786003, India","786003","NA","NA","NA","https://maps.google.com/?cid=6202928097590978706","ChIJc26DLGu9QDcRkigzgD06FVY"
"Rupnagar Jatiya Vidyalaya","FV4V+289, Rupnagar, Dibrugarh, Assam 786003, India","786003","NA","NA","NA","https://maps.google.com/?cid=13156354682012835177","ChIJWRB41VK9QDcRaR1swODClLY"
"Mancotta Junior College (M.J.College)","Jiban Phukan Nagar Rd, Railway Colony, Dibrugarh, Assam 786003, India","786003","NA","060017 19866","https://www.mancottajuniorcollege.com/","https://maps.google.com/?cid=4300945351832560337","ChIJsbTuMXWYQDcR0eJYlgIHsDs"
"Shishu Niketan High School","Jibon Phukan Nagar Opposite District Library Milannagar PO CR Building, Sishu Niketan, Railway Colony, Chowkidingee, Dibrugarh, Assam 786003, India","786003","NA","NA","NA","https://maps.google.com/?cid=7157691858269850286","ChIJY3qFVHOZQDcRrkrhb9I6VWM"
"C R C memorial HIGh school","FWF6+4QX, Mancotta Rd, Ttiloi Bari, Chowkidingee, Dibrugarh, Assam 786001, India","786001","NA","NA","NA","https://maps.google.com/?cid=5203735303343573537","ChIJi0flFHuZQDcRIQr0FLBhN0g"
"RSP Shankardev Vidya Niketan, Dibrugarh","FV8W+FVX, University Link Rd, Dibrugarh, Assam 786003, India","786003","NA","NA","https://rspshankardevvidya.wixsite.com/website","https://maps.google.com/?cid=2934528955774282481","ChIJUYFVawGYQDcR8SoGmImKuSg"
"Dr. Radhakrishnan School Of Arts, Commerce & Science","FVGV+3VV Natya Mandir, Assam Trunk Rd, Amolapatty, Dibrugarh, Assam 786001, India","786001","NA","060037 68280","http://www.drrkschool.org/","https://maps.google.com/?cid=2464887160339784812","ChIJWSsA1xyYQDcRbGR5E9AJNSI"
"Salt Brook Academy","Boiragimoth, FWCH+GJ3, Manikpur, Malakhubassa, Dibrugarh, Assam 786003, India","786003","NA","081350 76123","http://saltbrookacademy.com/","https://maps.google.com/?cid=6379226820224176053","ChIJRxO8nXuYQDcRtU8bkf6Qh1g"
"Sister Nivedita School","FWF3+PFV, P N Rd, Dibrugarh, Assam 786001, India","786001","NA","NA","NA","https://maps.google.com/?cid=3317528499361518549","ChIJBazMXwWYQDcR1ZOt2Jc6Ci4"
"Gyan Vigyan Academy","FW8P+PF4, Convoy Rd, Boiragimoth, Podum Nagar 2, Dibrugarh, Assam 786003, India","786003","NA","060269 10332","https://gyanvigyanacademy.in/","https://maps.google.com/?cid=7225382383846547598","ChIJAXLRv4CYQDcRjuCJE_-2RWQ"
"Niranjan Senior Secondary School (নিৰঞ্জন ছিনিয়ৰ ছেকেন্ডাৰী স্কুল)","KC Gogoi Path, Borpukhuripar, Khaliamari, Dibrugarh, Assam 786001, India","786001","NA","091262 12481","http://nsedu.co.in/","https://maps.google.com/?cid=4307128787770995362","ChIJ4Sh0VGuYQDcRovLy9M_-xTs"
"R.A. Junior College","FWJ7+9VR, Borpukhuripar, Khaliamari, Dibrugarh, Assam 786001, India","786001","NA","NA","NA","https://maps.google.com/?cid=10471691159514148226","ChIJGVfKLbiZQDcRgm1w0KDrUpE"
"Dibrugarh Jatiya Vidyalaya","teporgaon road, FW49+6HF, Mancotta Rd, Natun Nirmali Gaon, Dibrugarh, Assam 786003, India","786003","NA","070860 20072","NA","https://maps.google.com/?cid=12496563948821524427","ChIJJYGVZ5miQDcRy691qrO2bK0"
"RSP Shankardev Vidya Niketan, Dibrugarh","FV8W+FVX, University Link Rd, Dibrugarh, Assam 786003, India","786003","NA","NA","https://rspshankardevvidya.wixsite.com/website","https://maps.google.com/?cid=2934528955774282481","ChIJUYFVawGYQDcR8SoGmImKuSg"
"Gyan Vigyan Academy (A Senior Secondary School)","FWC3+4M8, P N Rd, Chiring Chapori, Dibrugarh, Assam 786001, India","786001","NA","094353 90973","https://gyanvigyanacademy.in/","https://maps.google.com/?cid=15218270879693767965","ChIJidYKWA-YQDcRHYXRN7woMtM"
"Gyandeep jatiya vidyalaya","nitai path, Peoli Nagar, Moranhat Town, Assam 785670, India","785670","NA","099544 64885","NA","https://maps.google.com/?cid=15765275646665738536","ChIJW9lpvnOvQDcRKMmgMayCydo"
"RSP Shankardev Vidya Niketan, Dibrugarh","FV8W+FVX, University Link Rd, Dibrugarh, Assam 786003, India","786003","NA","NA","https://rspshankardevvidya.wixsite.com/website","https://maps.google.com/?cid=2934528955774282481","ChIJUYFVawGYQDcR8SoGmImKuSg"
"Dibrugarh Jatiya Vidyalaya","teporgaon road, FW49+6HF, Mancotta Rd, Natun Nirmali Gaon, Dibrugarh, Assam 786003, India","786003","NA","070860 20072","NA","https://maps.google.com/?cid=12496563948821524427","ChIJJYGVZ5miQDcRy691qrO2bK0"
"Radheshyam Todi Jatiya Bidyaloy","766H+3XM, Naharani Gaon, Assam 786612, India","786612","NA","NA","NA","https://maps.google.com/?cid=9056413059906533078","ChIJ1wbu8f5PPzcR1vbv7rHXrn0"
"Naharkatia H.S. School","78PH+FGH, Naharkatiya-Nigam Rd, Naharkatia, Assam 786610, India","786610","NA","NA","NA","https://maps.google.com/?cid=6186055463422001767","ChIJXUD9JWtGPzcRZwIiOqtI2VU"
"Peace Cottage School","FWCQ+V84, Podum Nagar 2, Dibrugarh, Assam 786622, India","786622","NA","094350 32891","NA","https://maps.google.com/?cid=16003360131787714115","ChIJQYCoSL-ZQDcRQ-7aG0BbF94"
"NAKHAT JATIYA VIDYALAYA","6286+V6H, Moran - Naharkatia Rd, Dighalia No.2, Assam 786613, India","786613","NA","NA","NA","https://maps.google.com/?cid=9798996979530232438","ChIJsT_X8sGpQDcRdnIG6NUH_Yc"
"Saint Mary's Higher Secondary School","FWHC+XGH, K.C. Gogoi Path, Dibrugarh, Assam 786001, India","786001","NA","NA","NA","https://maps.google.com/?cid=8133489702266603366","ChIJnRO6z26YQDcRZgfmh8r133A"
"RSP Shankardev Vidya Niketan, Dibrugarh","FV8W+FVX, University Link Rd, Dibrugarh, Assam 786003, India","786003","NA","NA","https://rspshankardevvidya.wixsite.com/website","https://maps.google.com/?cid=2934528955774282481","ChIJUYFVawGYQDcR8SoGmImKuSg"
"Naharkatia Model English School","78PM+6HW, near PWD Office, Naharkatia, Assam 786610, India","786610","NA","NA","NA","https://maps.google.com/?cid=10615680231594121634","ChIJ0Rpl9kBGPzcRotlNJe14UpM"
"St. Xavier's School, Naharkatia","78MF+V94, Moran - Naharkatia Rd, Naharkatia, Assam 786610, India","786610","NA","NA","NA","https://maps.google.com/?cid=12614451083768422101","ChIJM8z_FvxHPzcR1d6OLG2ID68"
"Basundhara Jatiya Vidyalaya","59Q2+5WF, Namrup, Assam 786623, India","786623","NA","NA","NA","https://maps.google.com/?cid=10026357388206604177","ChIJEUsx559JPzcRkf8qM-zGJIs"
"Namrup milonpur jatiya vidyalaya","58X5+48G, Shantipur, Namrup, Assam 786623, India","786623","NA","NA","NA","https://maps.google.com/?cid=7965503498485657067","ChIJyTeyWGxPPzcR621elDoni24"
"RSP Shankardev Vidya Niketan, Dibrugarh","FV8W+FVX, University Link Rd, Dibrugarh, Assam 786003, India","786003","NA","NA","https://rspshankardevvidya.wixsite.com/website","https://maps.google.com/?cid=2934528955774282481","ChIJUYFVawGYQDcR8SoGmImKuSg"
"Alok Jatiya Vidyalaya","53F7+X2F, Pitha Pather, Assam 786611, India","786611","NA","NA","NA","https://maps.google.com/?cid=5095190118358570488","ChIJsSyeyN5VPzcR-NXXy2rAtUY"
"Holy Cross School","26CV+26M, Assam 782482, India","782482","NA","NA","NA","https://maps.google.com/?cid=17509808643981724064","ChIJH7JJh7uiRTcRoEmY1TBW__I"
"Dhaman Adarsha Jatiya Vidyalaya","74P8+V54, Gela Dissang, Assam 785676, India","785676","NA","NA","NA","https://maps.google.com/?cid=2318548714033025037","ChIJ5xLkk8ZZPzcRDZBgbsUjLSA"
"Dibrugarh Jatiya Vidyalaya","teporgaon road, FW49+6HF, Mancotta Rd, Natun Nirmali Gaon, Dibrugarh, Assam 786003, India","786003","NA","070860 20072","NA","https://maps.google.com/?cid=12496563948821524427","ChIJJYGVZ5miQDcRy691qrO2bK0"
"Dibrugarh Jatiya Vidyalaya","teporgaon road, FW49+6HF, Mancotta Rd, Natun Nirmali Gaon, Dibrugarh, Assam 786003, India","786003","NA","070860 20072","NA","https://maps.google.com/?cid=12496563948821524427","ChIJJYGVZ5miQDcRy691qrO2bK0"
"Vidya-Niketan,Rajgarh","54F2+FCP, Tipomia Road, Rajgarh, Sukar Pather, Assam 786611, India","786611","NA","NA","NA","https://maps.google.com/?cid=13818167369028630594","ChIJb4dIoypUPzcRQnjYpQL-w78"
"Sankar Dev Sishu Niketan","54H5+FQ8, Dibrugarh, Rajgarh, Assam 786611, India","786611","NA","099576 23196","NA","https://maps.google.com/?cid=14174884999315685615","ChIJJWJUCINWPzcR74A5HM5Ot8Q"
"Na bhakatia High School","Lonboi No.341 Nlr, Rajgarh, Assam 786611, India","786611","NA","NA","NA","https://maps.google.com/?cid=16105704434737520062","ChIJGdZ90R5XPzcRvp32Cdr0gt8"
"Rajgarh Academic Centre","54H5+96Q, 2 No, Nabhakatia Rd, Rajgarh, Assam 786611, India","786611","NA","NA","NA","https://maps.google.com/?cid=15859019673680436329","ChIJPzGBQYRWPzcRaVynV16OFtw"
"Little star school","Santoshima road, Chiring Chapori, Dibrugarh, Assam 786001, India","786001","NA","NA","NA","https://maps.google.com/?cid=15332163635820332641","ChIJK6EJhyCZQDcRYYY775fJxtQ"
"Nilmoni","65HC+7QR, Tingkhong, Assam 786612, India","786612","NA","NA","NA","https://maps.google.com/?cid=11969633476448410063","ChIJ1z2orJ9RPzcRz9lUnzquHKY"
"Saguneswa Adarsha Vidya Niketan","64XF+F3V, Salmari No.2, Assam 786612, India","786612","NA","NA","NA","https://maps.google.com/?cid=10673565572968306832","ChIJQZ4u0ABXPzcRkFidb1YfIJQ"
"Tingkhong Model Academy","65W9+P3M, Dighalia No.2, Assam 786612, India","786612","NA","NA","NA","https://maps.google.com/?cid=8847532678109769845","ChIJ2YrIRJRQPzcRdbBkMRjAyHo"
"Beehive Axom Public School","59J9+2X2, Namrup, Assam 786623, India","786623","NA","094017 08606","NA","https://maps.google.com/?cid=12149325018141889739","ChIJBf5mrJNJPzcRyxQd77sSm6g"
"B.V.F.C Model Higher Secondary School","58MW+CQJ, near Guruduwara Complex, Namrup, Dillghat Gaon No.2, Assam 786623, India","786623","NA","NA","NA","https://maps.google.com/?cid=13960783191392364299","ChIJMfvxoApJPzcRC6cvXViqvsE"
"Moran senior secondary school,Moran Dikhari","6V4X+XVV, Khowang Chah Co. 108 No Fs Gra, Assam 785675, India","785675","NA","NA","NA","https://maps.google.com/?cid=10742535908639472779","ChIJWx3sMACvQDcRi3xVFX4nFZU"
"Moran Jatiya Vidyalaya","6W43+C8X, Assam Trunk Rd, Khowang Chah Co. 108 No Fs Gra, Tiliki Amguri, Assam 785675, India","785675","NA","NA","NA","https://maps.google.com/?cid=9472386968576411674","ChIJmyC7nSKuQDcRGkgJ1cKtdIM"
"Holy Child English Academy","Peoli Nagar, Moranhat Town, Assam 785670, India","785670","NA","094351 32299","NA","https://maps.google.com/?cid=18336093622616793727","ChIJlS0YwwuuQDcRfyJhQADkdv4"
"Monford English Academy","5WM7+57M, Peoli Nagar, Bezarchuk Bongali, Moranhat Town, Assam 785670, India","785670","NA","NA","NA","https://maps.google.com/?cid=1907611280957357700","ChIJCekaPSSvQDcRhL79YloyeRo"
"Gyandeep jatiya vidyalaya","nitai path, Peoli Nagar, Moranhat Town, Assam 785670, India","785670","NA","099544 64885","NA","https://maps.google.com/?cid=15765275646665738536","ChIJW9lpvnOvQDcRKMmgMayCydo"
"Khowang Jatiya Vidyalaya","7V3Q+GFW, Khowang Chariali, Assam 785675, India","785675","NA","NA","NA","https://maps.google.com/?cid=9609529658349224742","ChIJBTlgTWqxQDcRJoN8kE_oW4U"
"Khowang Jatiya Vidyalaya","7V3Q+GFW, Khowang Chariali, Assam 785675, India","785675","NA","NA","NA","https://maps.google.com/?cid=9609529658349224742","ChIJBTlgTWqxQDcRJoN8kE_oW4U"
"Dibrugarh Jatiya Vidyalaya","teporgaon road, FW49+6HF, Mancotta Rd, Natun Nirmali Gaon, Dibrugarh, Assam 786003, India","786003","NA","070860 20072","NA","https://maps.google.com/?cid=12496563948821524427","ChIJJYGVZ5miQDcRy691qrO2bK0"
"Dream Flower Jatiya Vidyalaya","7X62+8R4, Salmari 318 Nlr, Assam 785676, India","785676","NA","NA","http://udyomita.blogspot.com/","https://maps.google.com/?cid=6245200020425948434","ChIJ0bJDMvmvQDcREj3AgFRoq1Y"
"Haladhibari Adarsha Jatiya Vidyalaya (HAJV)","7R3H+5FX, Moina Gaon No.2, Assam 785675, India","785675","NA","NA","NA","https://maps.google.com/?cid=146929264714783135","ChIJlaIbgCmxQDcRnxlvRmP_CQI"
"Don Bosco Higher Secondary School","FW9G+XV5, Convoy Rd, opp. V G Hospital, Boiragimoth, Dibrugarh, Assam 786003, India","786003","NA","0373 231 0868","NA","https://maps.google.com/?cid=13639756974709131519","ChIJ9VtRaQyYQDcR_8gxtLMmSr0"
"Dr Ambedkar English Academy","Old, NH37, Khowang, Simoluguri Gaon, Assam 785676, India","785676","NA","NA","NA","https://maps.google.com/?cid=9698119570369184505","ChIJWTQ2Thm7QDcR-YIezV2kloY"
"Sankardev Shishu Niketan","5QRR+WQX, Demow-Kowang Rd, Podumoni No.2, Dhemechi, Assam 785675, India","785675","NA","NA","NA","https://maps.google.com/?cid=8770115242855840439","ChIJdc_yLqK2QDcRtzqp6Vi1tXk"
"Seven Sister English Academy","Simoluguri Gaon, Assam 785669, India","785669","NA","NA","NA","https://maps.google.com/?cid=17587563025143717084","ChIJUQ-2Faq6QDcR3Fx8cmOTE_Q"
"MORAN ADARSHA JATIYA VIDYALAYA","5WW5+PXG, NH2, Moranhat Town, Teloibari Block Gaon, Assam 785675, India","785675","NA","NA","NA","https://maps.google.com/?cid=8240927306255385788","ChIJr2yZUACvQDcRvEQrBbmnXXI"
"Dibrugarh Adarsha Vidyalaya","Bokul ( Near Bokel T.E. Hospital), P.O, Lahowal, Assam 786010, India","786010","NA","075780 94958","NA","https://maps.google.com/?cid=16731329787114110159","ChIJAQAAQNyhQDcRzzzZhMufMeg"
"Bamunbari high school","7X5P+X7F, Bamunbari 320 No.Nlr Grant, Assam 786613, India","786613","NA","NA","NA","https://maps.google.com/?cid=17836139425998213966","ChIJ1SYQZnapQDcRTpP22k6yhvc"
"Rose Valley Academy","Rose Valley Academy, Bamunbari 320 No.Nlr Grant, Teloikinar Bongali, Assam 786613, India","786613","NA","094359 04455","NA","https://maps.google.com/?cid=5567622031156788649","ChIJ2anjsMWoQDcRqT29Ir0qRE0"
"Lengeri Jatiya Vidyalaya","72HJ+F2P, 1 No. Lengeri Gaon, Assam 785676, India","785676","NA","NA","NA","https://maps.google.com/?cid=11271984193541231048","ChIJdUUmPtqnQDcRyNHXCechbpw"
"Lengeri HS School","72FF+R8W, Tingkhong Rd, Lengeri No.3, Lengeri No.2, Assam 785676, India","785676","NA","NA","NA","https://maps.google.com/?cid=8612912785382754755","ChIJZyEzdVynQDcRw8kojos2h3c"
"Mohidhar Gogoi Gyan Vikash Jatiya Vidyalaya","9656+7G5, Lengeri Gaon, Assam 782121, India","782121","NA","NA","NA","https://maps.google.com/?cid=7474533762409092353","ChIJhwtaoRXfWjcRAdUO6trgumc"
"Pathalibam Adarsha Jatiya Vidyalaya","5RCM+F7P Pathalibam Adarsha Jatiya Vidyalaya, Old Moran Rd, Sologuri No.1, Assam 785675, India","785675","NA","NA","NA","https://maps.google.com/?q=Pathalibam+Adarsha+Jatiya+Vidyalaya&ftid=0x3740b3c2e1267719:0xde1389eae4429a13","ChIJGXcm4cKzQDcRE5pC5OqJE94"
"NAKHAT JATIYA VIDYALAYA","8257+X6R, 107 Grant F.S., Assam 785676, India","785676","NA","NA","NA","https://maps.google.com/?cid=2748569059574947366","ChIJhYMhOpinQDcRJh6YRP_gJCY"
"Chaharikata jatiya Bidyalya","82H9+W4, Chaharikata No.2, Lachan Gayan Miri Gaon, Assam 785676, India","785676","NA","NA","NA","https://maps.google.com/?cid=3189414255600695165","ChIJoTgGNninQDcRfXelAl4TQyw"
"Tinthengia Jatiya Vidyalaya","8X46+J6C, Kolowlowa Gaon, Assam 785676, India","785676","NA","NA","NA","https://maps.google.com/?cid=6309743159585575878","ChIJzXarGQClQDcRxpMMI_m1kFc"
"Sanghamitra jatiya vidyalaya","6W26+6X8, Natun Nagar, Teloibari Block Gaon, Assam 785675, India","785675","NA","NA","NA","https://maps.google.com/?cid=8324205290617881408","ChIJ15TPMGSvQDcRQMO0uJuEhXM"
"St. Andrew's School","Rajgarh Rd, Raidangia Gaon, Assam 785670, India","785670","NA","NA","NA","https://maps.google.com/?cid=12840284061207856191","ChIJBXtwKmCuQDcRP4Rnq1LaMbI"
"Aadhar Seva kendra Dibrugarh","3rd floor, Hotel Indsurya, New Market Rd, Dibrugarh, Assam 786001, India","786001","NA","097066 29590","NA","https://maps.google.com/?cid=10082710801756778311","ChIJ5yWHVqSZQDcRR--0vw387Is"
"Sepon High School","4R4W+WMW, Sepon-Sunpura Rd, Sepon Chah Bagicha 207/25 and 44, Assam 785673, India","785673","NA","NA","NA","https://maps.google.com/?cid=14395910480421759218","ChIJZ5nqAySzQDcR8qjcI0-MyMc"
"Tiloi Nagar Jatiya Vidyalaya","6VFV+XQF, Teloibari Gaon, Tiloi Nagar, Assam 785675, India","785675","NA","NA","NA","https://maps.google.com/?cid=1404740438811322704","ChIJd-WoFCquQDcRUKn5iPyjfhM"
"Gyan Jyoti jatiya vidyalaya","6VGV+3J4, Tiloi Nagar, Assam 785675, India","785675","NA","NA","NA","https://maps.google.com/?cid=6145900344560147712","ChIJpycxYguvQDcRAF11Ds2fSlU"
"VKV, Dibrugarh","Vivekananda Rd, East, Chowkidingee, Dibrugarh, Assam 786001, India","786001","NA","0373 232 4326","http://dibrugarh.vkv.in/","https://maps.google.com/?cid=17326938362418202042","ChIJ0SBH2RKYQDcRuoUGeaOmdfA"
"ST JOHN'S SCHOOL BALIPARA","RQ5G+CGQ, Dolang Basti F.V., Assam 784101, India","784101","NA","094350 84563","https://www.stjohnsbalipara.in/","https://maps.google.com/?cid=4500689192523322169","ChIJuas9T9a_RDcROdPKlPmodT4"
"ITBP PUBLIC SCHOOL","F2F7+JQJ, Titadimoru Gaon, Assam 786012, India","786012","NA","NA","NA","https://maps.google.com/?cid=14801613270109592569","ChIJ0zHIH3efQDcR-RuXy9jkac0"
"Manthan Vidya Niketan","Bokul Maj Gaon, Chaulkhowa Grant Gaon, Assam 786010, India","786010","NA","099574 32981","https://manthanvidyaniketan.in/?utm_source=google&utm_medium=organic&utm_campaign=gmb","https://maps.google.com/?cid=4481207521567553189","ChIJ8f___5KhQDcRpbbXl39yMD4"
"SKS English Academy","Dibruwal Changmai Gaon, Lahowal, Bakulbari 26/147 Orr, Assam 786010, India","786010","NA","094154 74830","https://www.sksenglishacademy.in/","https://maps.google.com/?cid=7830828828929161139","ChIJEbpJnOehQDcRs_c1lVSxrGw"
"Dikom Jatiya Vidyalaya","Gaon, Dikom, Langsu, Godabahar Gaon, Assam 786101, India","786101","NA","086383 68834","NA","https://maps.google.com/?cid=13390802920121620311","ChIJOVe61vxfPzcRV9cc706w1bk"
"Dibrugarh Adarsha Vidyalaya","Bokul ( Near Bokel T.E. Hospital), P.O, Lahowal, Assam 786010, India","786010","NA","075780 94958","NA","https://maps.google.com/?cid=16731329787114110159","ChIJAQAAQNyhQDcRzzzZhMufMeg"
"Delhi Public School Dibrugarh","F2M3+XQC, Airforce Rd, Maijan Borsaikia Gaon, Assam 786012, India","786012","NA","060009 01003","http://www.dpsdibrugarh.org/","https://maps.google.com/?cid=13463990278628251197","ChIJhYNN1jefQDcRPRbzuNKz2bo"
"Don Bosco Higher Secondary School","FW9G+XV5, Convoy Rd, opp. V G Hospital, Boiragimoth, Dibrugarh, Assam 786003, India","786003","NA","0373 231 0868","NA","https://maps.google.com/?cid=13639756974709131519","ChIJ9VtRaQyYQDcR_8gxtLMmSr0"
"Sri Sri Aniruddhadeva Junior College","FWGJ+MQ9, Dibrugarh, Assam 786001, India","786001","NA","0373 232 1383","NA","https://maps.google.com/?cid=10337699694697144418","ChIJb8slF2OYQDcRYmAW0Rnjdo8"
"Jyoti Vidyapith","FWCM+978, Boiragimoth, Podum Nagar 2, Dibrugarh, Assam 786003, India","786003","NA","NA","NA","https://maps.google.com/?cid=3810064259926219281","ChIJ17sIpn2YQDcREVpQAEIR4DQ"
"Gurukul Senior Secondary School (Dib)","P lane, West Milan Nagar, Dibrugarh, Assam 786003, India","786003","NA","088110 03422","https://gurukulassam.in/","https://maps.google.com/?cid=15270795430015265513","ChIJW5fPhXuYQDcR6eq3E4nD7NM"
"Salt Brook Academy","Boiragimoth, FWCH+GJ3, Manikpur, Malakhubassa, Dibrugarh, Assam 786003, India","786003","NA","081350 76123","http://saltbrookacademy.com/","https://maps.google.com/?cid=6379226820224176053","ChIJRxO8nXuYQDcRtU8bkf6Qh1g"
"Oil Valley Girls' & Boys' School","Banipur, Dibrugarh, Assam 786003, India","786003","NA","NA","https://www.ovgbs.org/","https://maps.google.com/?cid=6578311668453450222","ChIJUVuWoYeYQDcR7qH565vbSls"
"bl beria saraswati shishu mandir","FWF7+J23, Ttiloi Bari, Chowkidingee, Dibrugarh, Assam 786001, India","786001","NA","NA","NA","https://maps.google.com/?cid=17430300793233701016","ChIJSVVVbg2YQDcRmHjnxDje5PE"
"Shree Agrasen Academy","FWJ4+W39, Dibrugarh, Assam 786001, India","786001","NA","099545 27388","http://agrasenacademydbr.com/","https://maps.google.com/?cid=840652664836574214","ChIJfcmHQBeYQDcRBswRCyWZqgs"
"VKV, Dibrugarh","Vivekananda Rd, East, Chowkidingee, Dibrugarh, Assam 786001, India","786001","NA","0373 232 4326","http://dibrugarh.vkv.in/","https://maps.google.com/?cid=17326938362418202042","ChIJ0SBH2RKYQDcRuoUGeaOmdfA"
"Sacred Heart School","KNB Road, FW95+R4C, Udaipur Rd, Railway Colony, Chowkidingee, Dibrugarh, Assam 786003, India","786003","NA","088110 47727","http://www.sacredheartschool.in/","https://maps.google.com/?cid=7617839782234483796","ChIJ-YypJgmYQDcRVOzsv-sAuGk"
"Saint Mary's Higher Secondary School","FWHC+XGH, K.C. Gogoi Path, Dibrugarh, Assam 786001, India","786001","NA","NA","NA","https://maps.google.com/?cid=8133489702266603366","ChIJnRO6z26YQDcRZgfmh8r133A"
"Little Flower Higher Secondary School","FWHC+PRP, KC Gogoi Path, Dibrugarh, Assam 786001, India","786001","NA","0373 232 3294","http://www.littleflowerdibrugarh.com/","https://maps.google.com/?cid=13016468095880250514","ChIJHTTmKm-YQDcRksQl3cTIo7Q"
"Sampoorna Kendra Vidyalaya","FWH9+PF6, KC Gogoi Path, Dibrugarh, Assam 786001, India","786001","NA","NA","NA","https://maps.google.com/?cid=17952711816122901654","ChIJeyyYFmyYQDcRlqT2ekfYJPk"
"Dibrugarh Adarsha Vidyalaya","C439+XXM, Lahoal - Duliajan Rd, Ramkanai, Assam 786101, India","786101","NA","NA","NA","https://maps.google.com/?cid=4135445833403987245","ChIJxfPE9vRePzcRLfXpLxMOZDk"
"Nurture International School Dibrugarh","KC Gogoi Road, FWH9+PQ7, Dibrugarh, Assam 786001, India","786001","NA","080104 42277","http://www.nurtureinternational.in/nisdibrugarh","https://maps.google.com/?cid=2891778552095784928","ChIJeQRJHmyYQDcR4D_DlkWpISg"
"Shishu Bharati H.S. School","FWR9+57H, Dibrugarh, Assam 786001, India","786001","NA","NA","NA","https://maps.google.com/?cid=2140586921927188238","ChIJrdlgCTCZQDcRDh9R1HbktB0"
"Daffodils Co-Ed High School","FWQJ+R8J, Jyoti Nagar, Dibrugarh, Assam 786005, India","786005","NA","NA","NA","https://maps.google.com/?cid=12780728163763643910","ChIJI3vYkV6YQDcRBmb2u4xEXrE"
"M G High School","FWPC+H9H, Ganga Para Rd, Dibrugarh, Assam 786001, India","786001","NA","094353 32722","NA","https://maps.google.com/?cid=14894592217222744691","ChIJkRwXbWSZQDcRcwrc5bQ4tM4"
"JATIYA VIDYALAYA , KANJIKHOWA","F6X9+M9, Chungichuk, Assam 786184, India","786184","NA","NA","NA","https://maps.google.com/?cid=5484320963801722198","ChIJrdw2oDNnPzcRVi2hAdw4HEw"
"Jatiya Bidyalay, Chabua","F5PF+QX9, Deodhai Koilabari Rd, Chabua, Assam 786184, India","786184","NA","NA","NA","https://maps.google.com/?cid=2923861229482674295","ChIJN5Z_2w9nPzcRdwjaA0ykkyg"
"Assam Vidyaniketan Chabua","F5QG+375, Chetia Gaon, Chabua, Assam 786184, India","786184","NA","NA","NA","https://maps.google.com/?cid=10672958142010919151","ChIJP3hqbXNnPzcR74gs5eH2HZQ"
"North East Academy","Bapuji Nagar, Tengabari, Assam 784146, India","784146","NA","03713 298 555","NA","https://maps.google.com/?cid=12727012005744587533","ChIJAxfbY1YcWzcRDbOJFv1tn7A"
"Gyannpith - The abode of knowledge","Bashbari, F8H9+4RJ, Hijuguri, Tinsukia, Dhekiajuri Gaon, Assam 786192, India","786192","NA","NA","NA","https://maps.google.com/?cid=2639725682187130477","ChIJC-0K6hVrPzcRbVY9p4UwoiQ"
"Aniruddha Dev Jatiya Vidyalaya","G59J+4JF, Balijan Bangali, Assam 786184, India","786184","NA","NA","NA","https://maps.google.com/?cid=855345394508128476","ChIJFUwjPLVnPzcR3GDsvxrM3gs"
"Paragon MG Academy","F5J7+PWJ, Assam Trunk Rd, Chabua, Assam 786184, India","786184","NA","NA","NA","https://maps.google.com/?cid=208856039922220303","ChIJcYkwjRRnPzcRDz3CNHYB5gI"
"Aniruddhadeva Academy","FWGJ+MQ9, Dibrugarh, Assam 786001, India","786001","NA","NA","NA","https://maps.google.com/?cid=8330514478806050324","ChIJ23yXLfGZQDcRFKZ7Ecjum3M"
"Chabua Junior College","F5G7+65X, Assam Trunk Rd, Khailabari Bagan Gaon, Assam 786184, India","786184","NA","NA","NA","https://maps.google.com/?cid=1162075620148223699","ChIJ11kOOUBnPzcR054TnZ6FIBA"
"NAKSHATRA ACADEMY","Hatkhula Rd, near SCHOOL, Chabua, Assam 786184, India","786184","NA","060014 45346","NA","https://maps.google.com/?cid=3773397250979283531","ChIJ7XF_nxhnPzcRS0IOtc7MXTQ"
"Assisi School Chabua","SIDING P.O, near HATIALI, Chabua, Hatiali Grant, Assam 786184, India","786184","NA","094356 12020","NA","https://maps.google.com/?cid=4555524487415770432","ChIJ_____xBnPzcRQK0ClmJ5OD8"
"Brahmaputra Jatiya Vidyalaya, Moricha Gaon","Maricha Gaon, Dhopabor Gaon, Assam 786184, India","786184","NA","NA","NA","https://maps.google.com/?cid=14939807853009193510","ChIJ30l9C5lnPzcRJko0exbcVM8"
"Army Public School","Dinjan, Baghbari Gaon, Assam 786189, India","786189","NA","094354 87236","http://www.apsdjn.in/","https://maps.google.com/?cid=4075088297538836948","ChIJu-qAiE9vPzcR1FknQzefjTg"
"Sankardev School","G3CR+46X, phukonorkhat Rahmaria, Dibrugarh, Garapara Konwar, Assam 786101, India","786101","NA","NA","NA","https://maps.google.com/?cid=9440263621806447409","ChIJacTX0yBhPzcRMdvQU7-NAoM"
"Jatiya Bidyalay, Chabua","F5PF+QX9, Deodhai Koilabari Rd, Chabua, Assam 786184, India","786184","NA","NA","NA","https://maps.google.com/?cid=2923861229482674295","ChIJN5Z_2w9nPzcRdwjaA0ykkyg"
"Montfort High School","Montfort High School, Assam Trunk Rd, Chabua, Mereli Pathar, Assam 786184, India","786184","NA","NA","NA","https://maps.google.com/?q=Montfort+High+School&ftid=0x373f67ae076bf85b:0xa48695da66fe3aa0","ChIJW_hrB65nPzcRoDr-ZtqVhqQ"
"Little Angel High School","A.T. ROAD, P.O. CHABUA, DIST. DIBRUGARH P.B. NO. 9, Gaurisagar, Assam 786184, India","786184","NA","099542 51104","NA","https://maps.google.com/?cid=1679434876995158397","ChIJg0IuWKUvRzcRfcGyYh-NThc"
"Tengakhat Jatiya Vidyalaya","95HG+QRC, Lahoal - Duliajan Rd, Niz-Tengakhat, Tengakhat, Assam 786103, India","786103","NA","NA","NA","https://maps.google.com/?cid=13298140186814300100","ChIJ1QTmW2ZcPzcRxL9pGAt8jLg"
"Sahityarathi Jatiya Vidyalaya","88MF+463, TIPLING BAZAR, Duliajan, Boragadhai, Assam 786602, India","786602","NA","NA","NA","https://maps.google.com/?cid=14878949776554666304","ChIJVXGsC71GPzcRQClrXv2lfM4"
"Little star school","Santoshima road, Chiring Chapori, Dibrugarh, Assam 786001, India","786001","NA","NA","NA","https://maps.google.com/?cid=15332163635820332641","ChIJK6EJhyCZQDcRYYY775fJxtQ"
"Tingrai Junior College","Tingrai, No 1 Asomiya Gaon, FH3P+XJW, Tingrai Gaon, Bogapani T.E.27 Appln No.3 Blo, Assam 786171, India","786171","NA","NA","NA","https://maps.google.com/?cid=13630027396643746603","ChIJ1bwvoZAZPzcRK_PKx7OVJ70"
"Vivekananda Kendriya Vidyalaya, Tingrai","96JQ+34X, Nakari, Assam 786602, India","786602","NA","NA","NA","https://maps.google.com/?cid=10824746174609202065","ChIJ2bq970dDPzcRkZtZOUs5OZY"
"St. Dominic's High School","934V+39M, Unnamed Road, No.10 Willton Grant, Assam 786103, India","786103","NA","NA","NA","https://maps.google.com/?cid=2217702943097089564","ChIJE7lvZldZPzcRHO6jrBPdxh4"
"Dihing Valley High School","95H9+FPP, Niz-Tengakhat, Tengakhat, Assam 786103, India","786103","NA","NA","NA","https://maps.google.com/?cid=6927838655774830370","ChIJYcCeWGlcPzcRIq-tWo2gJGA"
"Lakhi Giri Adarsha jatiya vidyalaya, Naholia","99J2+PG9, Borguri Gaon, Assam 786191, India","786191","NA","NA","NA","https://maps.google.com/?cid=1282224851343162397","ChIJCxBdEB5BPzcRHbx8crVgyxE"
"Christ King High School","1. No Borpothar gaon, Duliajan, Borpather No.1, Assam 786191, India","786191","NA","NA","NA","https://maps.google.com/?cid=2704799182887462736","ChIJbY-X3SJBPzcRUCfGtIZgiSU"
"Gyandeep jatiya vidyalaya","nitai path, Peoli Nagar, Moranhat Town, Assam 785670, India","785670","NA","099544 64885","NA","https://maps.google.com/?cid=15765275646665738536","ChIJW9lpvnOvQDcRKMmgMayCydo"
"BLUEBUDS (A Pre-Primary Division of Dr Radhakrishnan School)","Convoy Rd, Dibrugarh, Assam 786001, India","786001","NA","NA","NA","https://maps.google.com/?cid=14506133260461760241","ChIJu-qSD1OZQDcR8V5N9lcjUMk"
"Jatiya Vidyalaya Duliajan","tipling baruah camp, 88JM+7M5, Duliajan, Da-Hukuta, Assam 786602, India","786602","NA","NA","NA","https://maps.google.com/?cid=4313993928649007439","ChIJ2cu1C01BPzcRT-FQIJ9i3js"
"Bokuloni Jatiya Vidyalaya","P.O.Bokuloni Chariali,Dist-Dibrugarh Bokuloni Chariali, 9C55+CW4, Mahabirbari 765/348, Assam 786191, India","786191","NA","NA","NA","https://maps.google.com/?cid=12940278684169649646","ChIJrfI4a5U_PzcR7r19GOcalbM"
"VKV, Dibrugarh","Vivekananda Rd, East, Chowkidingee, Dibrugarh, Assam 786001, India","786001","NA","0373 232 4326","http://dibrugarh.vkv.in/","https://maps.google.com/?cid=17326938362418202042","ChIJ0SBH2RKYQDcRuoUGeaOmdfA"
"MRINALJYOTI REHABILITATION CENTRE","Sarupathar Bengali, Duliajan, Assam 786602, India","786602","NA","099544 85197","http://www.mrinaljyotiassam.org/","https://maps.google.com/?cid=1770548636601767285","ChIJcyflLaRGPzcRdVUzrppAkhg"
"Gyanudaya Jatiya Vidyalaya","88P5+9HG, Duliajan No.2, Assam 786602, India","786602","NA","NA","NA","https://maps.google.com/?cid=18281353206705852266","ChIJLXAsQgBFPzcRao8m--FptP0"
"NEW VISTA HIGHER SECONDARY SCHOOL","9978+C7C, Naohalia Bazar, Madhuting T.E. 37/139, Jaloni Naohalia, Assam 786191, India","786191","NA","0374 291 1640","NA","https://maps.google.com/?cid=17523315510718328175","ChIJI_Qkms9APzcRb211T51SL_M"
"Bhadoi Model English School","8C8C+V9Q, Telpani Ban Gaon R/F, Chapatali No.2, Assam 786191, India","786191","NA","NA","NA","https://maps.google.com/?cid=6958242763280958732","ChIJL7JB9e44PzcRDEVLRu2kkGA"
"Bhadoi Model English School","8C8C+V9Q, Telpani Ban Gaon R/F, Chapatali No.2, Assam 786191, India","786191","NA","NA","NA","https://maps.google.com/?cid=6958242763280958732","ChIJL7JB9e44PzcRDEVLRu2kkGA"
"ASSAM PUBLIC SCHOOL","9888+XW5, Duliajan, Assam 786692, India","786692","NA","NA","NA","https://maps.google.com/?cid=15522436293585967010","ChIJI8sPb1pBPzcRopfST5HFatc"
"Delhi Public School Dibrugarh","F2M3+XQC, Airforce Rd, Maijan Borsaikia Gaon, Assam 786012, India","786012","NA","060009 01003","http://www.dpsdibrugarh.org/","https://maps.google.com/?cid=13463990278628251197","ChIJhYNN1jefQDcRPRbzuNKz2bo"
"St. Xavier's Higher Secondary School","9879+XVC, Duliajan, Assam 786602, India","786602","NA","NA","NA","https://maps.google.com/?cid=9809823611196390458","ChIJKxzdP1BBPzcROryZhpl-I4g"
"Spring Dales School","9876+5M4, near CANARA BANK - DULIAJAN, Duliajan, Assam 786692, India","786692","NA","NA","NA","https://maps.google.com/?cid=10073585073806468262","ChIJuY9FT1ZBPzcRpmTpokCQzIs"
"Dibrugarh Jatiya Vidyalaya","teporgaon road, FW49+6HF, Mancotta Rd, Natun Nirmali Gaon, Dibrugarh, Assam 786003, India","786003","NA","070860 20072","NA","https://maps.google.com/?cid=12496563948821524427","ChIJJYGVZ5miQDcRy691qrO2bK0"
"D.D.C MEMORIAL HIGH SCHOOL","966F+2Q9, Tingrai Chariali, Tingrai Gaon, Assam 786602, India","786602","NA","NA","NA","https://maps.google.com/?cid=5923237980882000825","ChIJH6pvcQldPzcRuduSmo-RM1I"
"Rose Bud High School","966J+C6G, Pandhua Gaon, Tingrai Chariali, Assam 786602, India","786602","NA","NA","NA","https://maps.google.com/?cid=18283888444956640010","ChIJPfJgSlRDPzcRCoOCIqtrvf0"
"Holy Child School","Podum Nagar 2, Dibrugarh, Assam 786622, India","786622","NA","NA","NA","https://maps.google.com/?cid=5854747425347996264","ChIJeXFyGoeYQDcRaAqAecM9QFE"
"Tingrai Jatiya Vidyalaya","96FQ+F53, Nau-Pukhri Rd, Tingrai Holla, Assam 786602, India","786602","NA","NA","NA","https://maps.google.com/?cid=14940620112381793257","ChIJlb_ikkVDPzcR6dOSWtW-V88"
"Jawahar Navodaya Vidyalaya, Dibrugarh","Doomar Dallong, P.O, Moran - Naharkatia Rd, Bamunbari 320 No.Nlr Grant, Samuguri, Assam 786613, India","786613","NA","NA","https://navodaya.gov.in/nvs/nvs-school/DIBRUGARH/en/home/","https://maps.google.com/?cid=5115006271911091467","ChIJaa_onfGuQDcRC90nlRon_EY"
"GREEN BUD PROGRESSIVE H.E. SCHOOL","No 2 Kerekoni ,Bhadoi Panchali, Telpani Ban Gaon R/F, Assam 786191, India","786191","NA","NA","NA","https://maps.google.com/?cid=15571193105292655880","ChIJFTcOQeo4PzcRCP36KaH9F9g"
"BASMOTIA NAHARANI LPS","Basmotia, 83VC+MG9, Belbari, Naharani Gaon, Tengakhat, Assam 786103, India","786103","NA","NA","NA","https://maps.google.com/?cid=5246452068697822711","ChIJbQ_uewCnQDcR99XYDVwkz0g"
"Sepon Jatiya Vidyapeeth","4R3W+PPQ, Sepon-Sunpura Rd, Sepon Chah Bagicha 207/25 and 44, Assam 785673, India","785673","NA","NA","NA","https://maps.google.com/?cid=5120303973640945836","ChIJyfMY1yWzQDcRrMDj4lX5Dkc"